{"cameraMode":{"drawMode":0,"name":"Shaded","section":"Shading Mode"},"sceneLighting":true,"audioPlay":false,"sceneViewState":{"m_AlwaysRefresh":false,"showFog":true,"showSkybox":true,"showFlares":true,"showImageEffects":true,"showParticleSystems":true,"showVisualEffectGraphs":true,"m_FxEnabled":true},"in2DMode":false,"pivot":{"x":480.6934814453125,"y":244.1666259765625,"z":107.0528564453125},"rotation":{"x":0.08566249907016754,"y":0.03405646234750748,"z":-0.0028876501601189377,"w":0.9958253502845764},"size":311.1903381347656,"orthographic":false}