{"cameraMode":{"drawMode":0,"name":"Shaded","section":"Shading Mode"},"sceneLighting":true,"audioPlay":false,"sceneViewState":{"m_AlwaysRefresh":false,"showFog":true,"showSkybox":true,"showFlares":true,"showImageEffects":true,"showParticleSystems":true,"showVisualEffectGraphs":true,"m_FxEnabled":true},"in2DMode":false,"pivot":{"x":1.887359857559204,"y":-3.5239410400390627,"z":-7.023709297180176},"rotation":{"x":0.022042466327548028,"y":0.9597604870796204,"z":-0.26904061436653139,"w":0.07849540561437607},"size":4.973291397094727,"orthographic":false}