{"cameraMode":{"drawMode":0,"name":"Shaded","section":"Shading Mode"},"sceneLighting":true,"audioPlay":false,"sceneViewState":{"m_AlwaysRefresh":false,"showFog":true,"showSkybox":true,"showFlares":true,"showImageEffects":true,"showParticleSystems":true,"showVisualEffectGraphs":true,"m_FxEnabled":true},"in2DMode":false,"pivot":{"x":1059.828857421875,"y":486.350341796875,"z":687.5408935546875},"rotation":{"x":0.009310517460107804,"y":0.0020540885161608459,"z":0.00008337902545463294,"w":1.0000971555709839},"size":942.80224609375,"orthographic":false}