{"cameraMode":{"drawMode":0,"name":"Shaded","section":"Shading Mode"},"sceneLighting":true,"audioPlay":false,"sceneViewState":{"m_AlwaysRefresh":false,"showFog":true,"showSkybox":true,"showFlares":true,"showImageEffects":true,"showParticleSystems":true,"showVisualEffectGraphs":true,"m_FxEnabled":true},"in2DMode":false,"pivot":{"x":3.723822593688965,"y":0.33659207820892336,"z":0.4956026077270508},"rotation":{"x":0.04289830103516579,"y":0.6141524314880371,"z":-0.03327089175581932,"w":0.7874577641487122},"size":2.18837571144104,"orthographic":false}